Feature,Measure,Association with is_canceled
reservation_status,Cramer's V,1.0
deposit_type,Cramer's V,0.4815
agent,Cramer's V,0.386
country,Cramer's V,0.3611
lead_time,|Spearman rho|,0.3166
previous_cancellations,|Spearman rho|,0.2702
market_segment,Cramer's V,0.2668
total_of_special_requests,|Spearman rho|,0.2585
assigned_room_type,Cramer's V,0.203
required_car_parking_spaces,|Spearman rho|,0.1974
booking_changes,|Spearman rho|,0.1851
distribution_channel,Cramer's V,0.1771
hotel,Cramer's V,0.1365
customer_type,Cramer's V,0.1364
previous_bookings_not_canceled,|Spearman rho|,0.1154
days_in_waiting_list,|Spearman rho|,0.0982
is_repeated_guest,|Spearman rho|,0.0848
reserved_room_type,Cramer's V,0.0737
arrival_date_month,Cramer's V,0.0702
adults,|Spearman rho|,0.067
adr,|Spearman rho|,0.0509
meal,Cramer's V,0.0505
stays_in_week_nights,|Spearman rho|,0.0414
babies,|Spearman rho|,0.0343
arrival_date_year,|Spearman rho|,0.0181
arrival_date_week_number,|Spearman rho|,0.0076
arrival_date_day_of_month,|Spearman rho|,0.0061
stays_in_weekend_nights,|Spearman rho|,0.0041
children,|Spearman rho|,0.0028
