Stage,Action,Records affected,Rows remaining
Start,Load raw dataset,"119,390 rows","119,390"
Leakage removal,"Drop reservation_status, reservation_status_date, assigned_room_type",3 columns,"119,390"
Noise reduction,Remove bookings with zero guests,180,"119,210"
Noise reduction,Remove negative ADR,1,"119,209"
Noise reduction,"Remove ADR above 1,000",1,"119,208"
Noise reduction,Remove bookings with ten or more adults,13,"119,195"
Noise reduction,Remove 'Undefined' market segment or channel,5,"119,190"
Imputation,Fill missing children with 0 (mode),0,"119,190"
Imputation,Fill missing country with explicit 'Unknown' category,478,"119,190"
Imputation,Encode missing agent as explicit 'none' category,"16,269","119,190"
Imputation,Replace company ID (94% missing) with has_company flag,"112,422","119,190"
Recoding,Recode meal 'Undefined' as 'SC' (same meaning),"1,169","119,190"
Feature engineering,"Add total_nights, total_guests, has_previous_cancellation, arrival_dayofweek",4 columns,"119,190"
