Feature,Min,Q1,Median,Q3,Max,IQR,Upper fence,IQR outliers,Outliers (%),Cancel rate of outliers (%)
lead_time,0.0,18.0,69.0,160.0,737.0,142.0,373.0,"3,005",2.52,66.69
stays_in_weekend_nights,0.0,0.0,1.0,2.0,19.0,2.0,5.0,265,0.22,55.09
stays_in_week_nights,0.0,1.0,2.0,3.0,50.0,2.0,6.0,"3,354",2.81,34.68
adults,0.0,2.0,2.0,2.0,55.0,0.0,2.0,"29,710",24.88,30.18
children,0.0,0.0,0.0,0.0,10.0,0.0,0.0,"8,590",7.19,36.39
babies,0.0,0.0,0.0,0.0,10.0,0.0,0.0,917,0.77,18.21
previous_cancellations,0.0,0.0,0.0,0.0,26.0,0.0,0.0,"6,484",5.43,91.64
previous_bookings_not_canceled,0.0,0.0,0.0,0.0,72.0,0.0,0.0,"3,620",3.03,5.52
booking_changes,0.0,0.0,0.0,0.0,21.0,0.0,0.0,"18,076",15.14,15.67
days_in_waiting_list,0.0,0.0,0.0,0.0,391.0,0.0,0.0,"3,698",3.1,63.79
adr,-6.38,69.29,94.58,126.0,5400.0,56.71,211.06,"3,793",3.18,38.73
required_car_parking_spaces,0.0,0.0,0.0,0.0,8.0,0.0,0.0,"7,416",6.21,0.0
total_of_special_requests,0.0,0.0,0.0,1.0,5.0,1.0,2.5,"2,877",2.41,16.82
